[
  {
    "requestId": "IBR00224",
    "firstname": "John",
    "lastname": "Doe",
    "date": "28-Feb-2019",
    "status": "Open",
    "manager": "john",
    "country": "India",
    "state": "tn",
    "zipcode": "600063",
    "email": "john@example.com"
  },
  {
    "requestId": "IBR00223",
    "firstname": "Mary",
    "lastname": "Moe",
    "date": "28-Feb-2019",
    "status": "Completed",
    "manager": "Mary",
    "country": "India",
    "state": "tn",
    "zipcode": "600063",
    "email": "mary@example.com"
  },
  {
    "requestId": "IBR00222",
    "firstname": "July",
    "lastname": "Dooley",
    "date": "28-Feb-2019",
    "status": "Completed",
    "manager": "July",
    "country": "India",
    "state": "tn",
    "zipcode": "600063",
    "email": "july@example.com"
  },
  {
    "requestId": "IBR00221",
    "firstname": "John",
    "lastname": "Doe",
    "date": "28-Feb-2019",
    "status": "In progress",
    "manager": "john",
    "country": "India",
    "state": "tn",
    "zipcode": "600063",
    "email": "john@example.com"
  },
  {
    "requestId": "IBR00220",
    "firstname": "John",
    "lastname": "Doe",
    "date": "28-Feb-2019",
    "status": "Open",
    "manager": "john",
    "country": "India",
    "state": "tn",
    "zipcode": "600063",
    "email": "john@example.com"
  },
  {
    "requestId": "IBR00219",
    "firstname": "Sri",
    "lastname": "Doe",
    "date": "28-Feb-2019",
    "status": "In progress",
    "manager": "Sri",
    "country": "India",
    "state": "tn",
    "zipcode": "600063",
    "email": "sri@example.com"
  },
  {
    "requestId": "IBR00218",
    "firstname": "Raj",
    "lastname": "Doe",
    "date": "28-Feb-2019",
    "status": "In progress",
    "manager": "Raj",
    "country": "India",
    "state": "tn",
    "zipcode": "600063",
    "email": "Raj@example.com"
  },
  {
    "requestId": "IBR00217",
    "firstname": "John",
    "lastname": "Guru",
    "date": "28-Feb-2019",
    "status": "Completed",
    "manager": "john",
    "country": "India",
    "state": "tn",
    "zipcode": "600063",
    "email": "john12@example.com"
  },
  {
    "requestId": "IBR00216",
    "firstname": "Sri",
    "lastname": "Doe",
    "date": "28-Feb-2019",
    "status": "Completed",
    "manager": "Sri",
    "country": "India",
    "state": "tn",
    "zipcode": "600063",
    "email": "sri1@example.com"
  },
  {
    "requestId": "IBR00215",
    "firstname": "John",
    "lastname": "Doe",
    "date": "28-Feb-2019",
    "status": "Open",
    "manager": "john",
    "country": "India",
    "state": "tn",
    "zipcode": "600063",
    "email": "john@example.com"
  },
  {
    "requestId": "IBR00214",
    "firstname": "john",
    "lastname": "Doe",
    "date": "28-Feb-2019",
    "status": "Completed",
    "manager": "john",
    "country": "India",
    "state": "tn",
    "zipcode": "600063",
    "email": "john56@example.com"
  },
  {
    "requestId": "IBR00213",
    "firstname": "John",
    "lastname": "Doe",
    "date": "28-Feb-2019",
    "status": "In progress",
    "manager": "john",
    "country": "India",
    "state": "tn",
    "zipcode": "600063",
    "email": "john89@example.com"
  },
  {
    "requestId": "IBR00212",
    "firstname": "John",
    "lastname": "Doe",
    "date": "28-Feb-2019",
    "status": "Open",
    "manager": "john",
    "country": "India",
    "state": "tn",
    "zipcode": "600063",
    "email": "john90@example.com"
  },
  {
    "requestId": "IBR00211",
    "firstname": "John",
    "lastname": "Doe",
    "date": "28-Feb-2019",
    "status": "In progress",
    "manager": "john",
    "country": "India",
    "state": "tn",
    "zipcode": "600063",
    "email": "john098@example.com"
  },
  {
    "requestId": "IBR00210",
    "firstname": "John",
    "lastname": "Doe",
    "date": "28-Feb-2019",
    "status": "Open",
    "manager": "john",
    "country": "India",
    "state": "tn",
    "zipcode": "600063",
    "email": "john4567@example.com"
  },
  {
    "requestId": "IBR00209",
    "firstname": "john",
    "lastname": "Doe",
    "date": "28-Feb-2019",
    "status": "In progress",
    "manager": "john",
    "country": "India",
    "state": "tn",
    "zipcode": "600063",
    "email": "john456@example.com"
  },
  {
    "requestId": "IBR00208",
    "firstname": "Raj",
    "lastname": "Ram",
    "date": "28-Feb-2019",
    "status": "Completed",
    "manager": "Raj",
    "country": "India",
    "state": "tn",
    "zipcode": "600063",
    "email": "raj4565@example.com"
  },
  {
    "requestId": "IBR00207",
    "firstname": "John",
    "lastname": "Doe",
    "date": "28-Feb-2019",
    "status": "Open",
    "manager": "John",
    "country": "India",
    "state": "tn",
    "zipcode": "600063",
    "email": "john@example.com"
  },
  {
    "requestId": "IBR00206",
    "firstname": "John",
    "lastname": "Doe",
    "date": "28-Feb-2019",
    "status": "In progress",
    "manager": "john",
    "country": "India",
    "state": "tn",
    "zipcode": "600063",
    "email": "john@example.com"
  },
  {
    "requestId": "IBR00205",
    "firstname": "john",
    "lastname": "Doe",
    "date": "28-Feb-2019",
    "status": "Completed",
    "manager": "john",
    "country": "India",
    "state": "tn",
    "zipcode": "600063",
    "email": "john@example.com"
  },
  {
    "requestId": "IBR00204",
    "firstname": "john",
    "lastname": "Doe",
    "date": "28-Feb-2019",
    "status": "In progress",
    "manager": "john",
    "country": "India",
    "state": "tn",
    "zipcode": "600063",
    "email": "john@example.com"
  },
  {
    "requestId": "IBR00203",
    "firstname": "John",
    "lastname": "Rock",
    "date": "28-Feb-2019",
    "status": "Open",
    "manager": "john",
    "country": "India",
    "state": "tn",
    "zipcode": "600063",
    "email": "john435@example.com"
  },
  {
    "requestId": "IBR00202",
    "firstname": "John",
    "lastname": "Sekar",
    "date": "28-Feb-2019",
    "status": "Completed",
    "manager": "John",
    "country": "India",
    "state": "tn",
    "zipcode": "600063",
    "email": "John323@example.com"
  },
  {
    "requestId": "IBR00201",
    "firstname": "Sri",
    "lastname": "Ram",
    "date": "28-Feb-2019",
    "status": "completed",
    "manager": "Sri",
    "country": "India",
    "state": "tn",
    "zipcode": "600063",
    "email": "sriram@example.com"
  }
]
