{
  "onBoard": {
    "main": "Main Message",
    "sub": "sub Message",
    "errorMessage": {
      "firstNameTitle": "You have entered wrongly First Name",
      "firstNameSubTitle": "sample First Name : karvannan",
      "lastNameTitle": "You have entered wrongly Last Name",
      "lastNameSubTitle": "sample Last Name : pandurangan",
      "emailTitle": "You have entered wrongly Email",
      "emailSubTitle": "sample Email : karvannan@gmail.com"
    },
    "successMessage": {
      "Title": "Thanks for registering",
      "SubTitle": "Your Application id IBR00224.Our agent will contact you shortly."
    }
  }
}
